SN,Quote,Author,Posted,Caption
21,"The obstacle in the path becomes the *path.*","Marcus Aurelius",False,"Turn trials into triumphs. ⚔️\n\nFollow for stoic strength 🔥"
22,"A warrior does not ask for permission to *excel.*","Unknown",False,"Claim your greatness. ⚔️\n\nFollow for the grind 🔥"
23,"Do not explain your philosophy. *Embody* it.","Epictetus",False,"Action over words. ⚔️\n\nFollow for daily discipline 🔥"
24,"Your mind is a weapon. Keep it *sharp.*","Unknown",False,"Train the brain. ⚔️\n\nFollow for mindset power 🔥"
25,"The more you sweat in peace, the less you *bleed* in war.","Sun Tzu",False,"Prepare in silence. ⚔️\n\nFollow for warrior mindset 🔥"
26,"Discipline is the soul of an *army.*","George Washington",False,"Stay organized. ⚔️\n\nFollow for daily focus 🔥"
27,"Out of suffering have emerged the *strongest* souls.","Khalil Gibran",False,"Pain is a teacher. ⚔️\n\nFollow for resilience 🔥"
28,"Waste no more time arguing what a good man should be. *Be* one.","Marcus Aurelius",False,"Stop talking, start doing. ⚔️\n\nFollow for stoic wisdom 🔥"
29,"The world breaks everyone, and afterward, some are *strong* at the broken places.","Ernest Hemingway",False,"Build back better. ⚔️\n\nFollow for warrior spirit 🔥"
30,"If you are going through hell, *keep* going.","Winston Churchill",False,"Never stop moving. ⚔️\n\nFollow for daily motivation 🔥"
31,"You have power over your mind—not outside events. *Realize* this.","Marcus Aurelius",False,"Control the internal. ⚔️\n\nFollow for mindset growth 🔥"
32,"Excellence is not an act, but a *habit.*","Aristotle",False,"Consistency is king. ⚔️\n\nFollow for the grind 🔥"
33,"To be a warrior is to learn to be *unbreakable.*","Unknown",False,"Forge your spirit. ⚔️\n\nFollow for daily discipline 🔥"
34,"He who has a why to live can bear almost any *how.*","Friedrich Nietzsche",False,"Find your purpose. ⚔️\n\nFollow for stoic wisdom 🔥"
35,"What does not kill me makes me *stronger.*","Friedrich Nietzsche",False,"Embrace the fire. ⚔️\n\nFollow for warrior mindset 🔥"
36,"Discipline is doing what needs to be done, even if you don't *feel* like it.","Unknown",False,"Feelings are temporary. ⚔️\n\nFollow for focus 🔥"
37,"The successful warrior is the average man, with *laser-like* focus.","Bruce Lee",False,"Sharpen your aim. ⚔️\n\nFollow for daily growth 🔥"
38,"Know yourself and you will win all *battles.*","Sun Tzu",False,"Self-mastery first. ⚔️\n\nFollow for warrior code 🔥"
39,"Luck is what happens when preparation meets *opportunity.*","Seneca",False,"Create your own luck. ⚔️\n\nFollow for stoic power 🔥"
40,"Hard times create *strong* men.","G. Michael Hopf",False,"The cycle of growth. ⚔️\n\nFollow for the grind 🔥"
41,"It is a shame for a man to grow old without seeing the *beauty* of his body's strength.","Socrates",False,"Build your temple. ⚔️\n\nFollow for physical discipline 🔥"
42,"Self-control is the chiefest *virtue.*","Ancient Proverb",False,"Rule yourself first. ⚔️\n\nFollow for daily focus 🔥"
43,"Do today what others won't, so tomorrow you can do what others *can't.*","Unknown",False,"Pay the price now. ⚔️\n\nFollow for warrior mindset 🔥"
44,"The only easy day was *yesterday.*","Navy SEAL Motto",False,"Keep pushing forward. ⚔️\n\nFollow for the grind 🔥"
45,"Fall seven times, stand up *eight.*","Japanese Proverb",False,"Persistence wins. ⚔️\n\nFollow for resilience 🔥"
46,"Man conquers the world by conquering *himself.*","Zeno",False,"The ultimate victory. ⚔️\n\nFollow for stoic wisdom 🔥"
47,"Great things are not done by impulse, but by a series of small things brought *together.*","Vincent van Gogh",False,"Brick by brick. ⚔️\n\nFollow for daily habits 🔥"
48,"He who is not courageous enough to take risks will accomplish *nothing.*","Muhammad Ali",False,"Face the fear. ⚔️\n\nFollow for warrior power 🔥"
49,"A person who never made a mistake never tried anything *new.*","Albert Einstein",False,"Fail forward. ⚔️\n\nFollow for growth mindset 🔥"
50,"Be tolerant with others and *strict* with yourself.","Marcus Aurelius",False,"High standards only. ⚔️\n\nFollow for stoic strength 🔥"
